Class,Code Smells,LOC,Methods,Decisions
lang/java/avro/src/main/java/org/apache/avro/Schema.java,138,2004,266,230
lang/java/avro/src/main/java/org/apache/avro/io/BinaryData.java,103,398,26,65
lang/java/avro/src/main/java/org/apache/avro/io/BinaryDecoder.java,81,939,80,66
lang/java/idl/src/main/java/org/apache/avro/idl/IdlReader.java,80,949,112,104
lang/java/trevni/core/src/main/java/org/apache/trevni/InputBuffer.java,75,352,26,56
lang/java/trevni/core/src/main/java/org/apache/trevni/OutputBuffer.java,71,302,26,58
lang/java/avro/src/main/java/org/apache/avro/generic/GenericData.java,66,1442,144,228
lang/java/tools/src/main/java/org/apache/avro/tool/SpecificCompilerTool.java,55,290,26,32
lang/java/avro/src/main/java/org/apache/avro/io/BlockingBinaryEncoder.java,54,495,30,36
lang/java/compiler/src/main/java/org/apache/avro/compiler/specific/SpecificCompiler.java,51,1317,142,199
lang/java/avro/src/main/java/org/apache/avro/Resolver.java,50,731,49,111
lang/java/avro/src/main/java/org/apache/avro/reflect/ReflectData.java,49,979,99,176
lang/java/avro/src/main/java/org/apache/avro/io/parsing/Symbol.java,47,614,71,35
lang/java/avro/src/main/java/org/apache/avro/LogicalTypes.java,45,499,77,49
lang/java/avro/src/main/java/org/apache/avro/io/parsing/ResolvingGrammarGenerator.java,43,353,19,91
lang/java/avro/src/main/java/org/apache/avro/SchemaBuilder.java,43,2428,290,23
lang/java/avro/src/main/java/org/apache/avro/io/FastReaderBuilder.java,41,531,70,86
lang/java/ipc/src/main/java/org/apache/avro/ipc/stats/StatsServlet.java,41,210,15,8
lang/java/ipc/src/main/java/org/apache/avro/ipc/Requestor.java,40,511,37,44
lang/java/avro/src/main/java/org/apache/avro/util/springframework/ConcurrentReferenceHashMap.java,37,972,96,71
lang/java/avro/src/main/java/org/apache/avro/reflect/ReflectionUtil.java,36,182,17,22
lang/java/ipc/src/main/java/org/apache/avro/ipc/SaslSocketTransceiver.java,35,370,43,39
lang/java/avro/src/main/java/org/apache/avro/specific/SpecificData.java,33,616,54,110
lang/java/avro/src/main/java/org/apache/avro/io/JsonDecoder.java,32,481,72,51
lang/java/tools/src/main/java/org/apache/avro/tool/DataFileRepairTool.java,31,266,23,32
lang/java/avro/src/main/java/org/apache/avro/util/springframework/ObjectUtils.java,29,301,17,42
lang/java/ipc-netty/src/main/java/org/apache/avro/ipc/netty/NettyTransceiver.java,29,545,44,37
lang/java/ipc/src/main/java/org/apache/avro/ipc/stats/Histogram.java,29,234,29,11
lang/java/ipc/src/main/java/org/apache/avro/ipc/Responder.java,27,216,14,21
lang/java/avro/src/main/java/org/apache/avro/file/DataFileStream.java,25,355,35,30
lang/java/avro/src/main/java/org/apache/avro/reflect/ArrayAccessor.java,24,200,15,36
lang/java/avro/src/main/java/org/apache/avro/generic/GenericDatumReader.java,23,614,58,73
lang/java/avro/src/main/java/org/apache/avro/file/DataFileReader.java,23,294,27,20
lang/java/protobuf/src/main/java/org/apache/avro/protobuf/ProtobufData.java,23,363,36,73
lang/java/avro/src/main/java/org/apache/avro/reflect/ReflectDatumReader.java,23,303,28,53
lang/java/idl/src/main/java/org/apache/avro/idl/IdlUtils.java,22,508,55,68
lang/java/mapred/src/main/java/org/apache/avro/mapreduce/AvroMultipleOutputs.java,22,524,34,48
lang/java/trevni/avro/src/main/java/org/apache/trevni/avro/AvroColumnReader.java,22,253,25,42
lang/java/mapred/src/main/java/org/apache/avro/mapred/tether/TetheredProcess.java,22,191,5,19
lang/java/avro/src/main/java/org/apache/avro/generic/GenericDatumWriter.java,20,381,32,46
lang/java/thrift/src/main/java/org/apache/avro/thrift/ThriftData.java,20,242,22,36
lang/java/avro/src/main/java/org/apache/avro/io/parsing/Parser.java,19,171,12,13
lang/java/mapred/src/main/java/org/apache/avro/mapred/tether/TetherOutputService.java,19,104,13,8
lang/java/maven-plugin/src/main/java/org/apache/avro/mojo/AbstractAvroMojo.java,18,427,21,31
lang/java/avro/src/main/java/org/apache/avro/file/DataFileReader12.java,18,205,18,18
lang/java/avro/src/main/java/org/apache/avro/Protocol.java,18,592,70,66
lang/java/trevni/avro/src/main/java/org/apache/trevni/avro/AvroColumnator.java,17,162,15,38
lang/java/avro/src/main/java/org/apache/avro/SchemaCompatibility.java,17,826,71,90
lang/java/mapred/src/main/java/org/apache/avro/mapred/AvroMultipleOutputs.java,17,537,36,27
lang/java/avro/src/main/java/org/apache/avro/file/DataFileWriter.java,17,455,45,20
lang/java/grpc/src/main/java/org/apache/avro/grpc/AvroGrpcClient.java,16,147,16,12
lang/java/trevni/core/src/main/java/org/apache/trevni/ColumnOutputBuffer.java,16,103,10,8
lang/java/ipc/src/main/java/org/apache/avro/ipc/SocketServer.java,16,130,9,7
lang/java/mapred/src/main/java/org/apache/avro/hadoop/file/SortedKeyValueFile.java,15,554,38,16
lang/java/trevni/core/src/main/java/org/apache/trevni/ColumnValues.java,15,134,16,12
lang/java/tools/src/main/java/org/apache/avro/tool/Util.java,14,289,29,18
lang/java/tools/src/main/java/org/apache/avro/tool/CatTool.java,13,181,17,17
lang/java/ipc/src/main/java/org/apache/avro/ipc/specific/SpecificRequestor.java,12,163,19,21
lang/java/avro/src/main/java/org/apache/avro/reflect/ReflectDatumWriter.java,11,183,21,29
lang/java/mapred/src/main/java/org/apache/avro/mapred/Pair.java,11,525,102,11
lang/java/avro/src/main/java/org/apache/avro/Conversions.java,11,342,29,45
lang/java/avro/src/main/java/org/apache/avro/util/UtfTextUtils.java,10,234,12,22
lang/java/mapred/src/main/java/org/apache/avro/hadoop/io/AvroSequenceFile.java,10,683,44,39
lang/java/maven-plugin/src/main/java/org/apache/avro/mojo/InduceMojo.java,10,181,12,23
lang/java/avro/src/main/java/org/apache/avro/SchemaNormalization.java,10,172,11,22
lang/java/grpc/src/main/java/org/apache/avro/grpc/AvroGrpcServer.java,10,114,10,7
lang/java/avro/src/main/java/org/apache/avro/util/Utf8.java,10,226,22,19
lang/java/avro/src/main/java/org/apache/avro/io/ValidatingDecoder.java,10,218,30,11
lang/java/trevni/avro/src/main/java/org/apache/trevni/avro/AvroColumnWriter.java,9,162,15,21
lang/java/avro/src/main/java/org/apache/avro/reflect/FieldAccessReflect.java,9,124,22,15
lang/java/avro/src/main/java/org/apache/avro/util/internal/JacksonUtils.java,9,200,33,50
lang/java/tools/src/main/java/org/apache/avro/tool/IdlTool.java,9,101,9,15
lang/java/avro/src/main/java/org/apache/avro/io/ResolvingDecoder.java,9,319,18,33
lang/java/avro/src/main/java/org/apache/avro/util/SchemaResolver.java,8,244,28,20
lang/java/avro/src/main/java/org/apache/avro/util/TimePeriod.java,8,370,24,44
lang/java/mapred/src/main/java/org/apache/avro/mapred/tether/TetherJob.java,8,149,15,11
lang/java/ipc/src/main/java/org/apache/avro/ipc/RPCContext.java,8,197,23,4
lang/java/compiler/src/main/java/org/apache/avro/compiler/schema/Schemas.java,8,209,16,47
lang/java/mapred/src/main/java/org/apache/avro/mapred/TaggedInputSplit.java,8,140,14,12
lang/java/avro/src/main/java/org/apache/avro/data/Json.java,8,214,15,28
lang/java/ipc-netty/src/main/java/org/apache/avro/ipc/netty/NettyTransportCodec.java,7,160,19,9
lang/java/avro/src/main/java/org/apache/avro/io/JsonEncoder.java,7,311,38,19
lang/java/protobuf/src/main/java/org/apache/avro/protobuf/ProtoConversions.java,7,146,17,7
lang/java/avro/src/main/java/org/apache/avro/io/BlockingDirectBinaryEncoder.java,7,125,11,5
lang/java/mapred/src/main/java/org/apache/avro/mapred/AvroJob.java,7,219,30,21
lang/java/tools/src/main/java/org/apache/avro/tool/IdlToSchemataTool.java,7,101,13,12
lang/java/tools/src/main/java/org/apache/avro/tool/ConcatTool.java,7,155,16,19
lang/java/trevni/core/src/main/java/org/apache/trevni/ColumnFileWriter.java,6,150,16,12
lang/java/avro/src/main/java/org/apache/avro/io/EncoderFactory.java,6,403,20,11
lang/java/avro/src/main/java/org/apache/avro/data/RecordBuilderBase.java,6,150,14,12
lang/java/avro/src/main/java/org/apache/avro/io/BufferedBinaryEncoder.java,6,211,23,11
lang/java/avro/src/main/java/org/apache/avro/io/parsing/ValidatingGrammarGenerator.java,6,126,8,18
lang/java/compiler/src/main/java/org/apache/avro/compiler/idl/SchemaResolver.java,6,142,13,6
lang/java/trevni/core/src/main/java/org/apache/trevni/ColumnFileReader.java,6,133,17,8
lang/java/avro/src/main/java/org/apache/avro/specific/SpecificErrorBuilderBase.java,6,120,12,2
lang/java/avro/src/main/java/org/apache/avro/generic/PrimitivesArrays.java,6,576,69,67
lang/java/avro/src/main/java/org/apache/avro/specific/SpecificDatumReader.java,6,209,26,20
lang/java/avro/src/main/java/org/apache/avro/io/DirectBinaryDecoder.java,6,173,16,15
lang/java/mapred/src/main/java/org/apache/avro/mapred/AvroSerialization.java,6,120,11,7
lang/java/tools/src/main/java/org/apache/avro/tool/RpcReceiveTool.java,6,140,11,9
lang/java/tools/src/main/java/org/apache/avro/tool/FromTextTool.java,5,103,6,8
lang/java/mapred/src/main/java/org/apache/avro/hadoop/io/AvroSerialization.java,5,260,21,20
lang/java/tools/src/main/java/org/apache/avro/tool/TrevniToJsonTool.java,5,169,12,24
lang/java/compiler/src/main/java/org/apache/avro/compiler/idl/ResolvingVisitor.java,5,165,11,26
lang/java/trevni/core/src/main/java/org/apache/trevni/MetaData.java,5,123,20,9
lang/java/avro/src/main/java/org/apache/avro/io/ValidatingEncoder.java,5,183,25,3
lang/java/ipc-jetty/src/main/java/org/apache/avro/ipc/jetty/HttpServer.java,5,154,15,5
lang/java/avro/src/main/java/org/apache/avro/message/BinaryMessageDecoder.java,5,163,8,10
lang/java/maven-plugin/src/main/java/org/apache/avro/mojo/IDLMojo.java,5,109,5,6
lang/java/ipc/src/main/java/org/apache/avro/ipc/SocketTransceiver.java,5,113,13,10
lang/java/avro/src/main/java/org/apache/avro/ParseContext.java,4,319,29,16
lang/java/avro/src/main/java/org/apache/avro/specific/SpecificDatumWriter.java,4,105,13,10
lang/java/mapred/src/main/java/org/apache/avro/mapred/DelegatingInputFormat.java,4,107,7,14
lang/java/avro/src/main/java/org/apache/avro/file/CodecFactory.java,4,164,11,3
lang/java/compiler/src/main/java/org/apache/avro/compiler/idl/DocCommentHelper.java,4,123,8,17
lang/java/mapred/src/main/java/org/apache/avro/mapred/AvroTextOutputFormat.java,4,113,6,6
lang/java/avro/src/main/java/org/apache/avro/JsonProperties.java,4,308,30,19
lang/java/mapred/src/main/java/org/apache/avro/hadoop/io/AvroDatumConverterFactory.java,4,319,43,21
lang/java/avro/src/main/java/org/apache/avro/util/RandomData.java,4,197,22,25
lang/java/tools/src/main/java/org/apache/avro/tool/TetherTool.java,4,126,9,9
lang/java/avro/src/main/java/org/apache/avro/util/springframework/Assert.java,4,114,4,3
lang/java/tools/src/main/java/org/apache/avro/tool/DataFileReadTool.java,4,130,10,10
lang/java/avro/src/main/java/org/apache/avro/util/Schemas.java,4,142,9,27
lang/java/avro/src/main/java/org/apache/avro/io/DecoderFactory.java,4,288,21,6
lang/java/ipc-netty/src/main/java/org/apache/avro/ipc/netty/NettyServer.java,3,163,17,8
lang/java/avro/src/main/java/org/apache/avro/util/WeakIdentityHashMap.java,3,171,24,6
lang/java/mapred/src/main/java/org/apache/avro/mapred/AvroMultipleInputs.java,3,203,8,13
lang/java/grpc/src/main/java/org/apache/avro/grpc/AvroResponseMarshaller.java,3,118,9,8
lang/java/ipc/src/main/java/org/apache/avro/ipc/SaslSocketServer.java,3,105,17,1
lang/java/mapred/src/main/java/org/apache/avro/mapreduce/AvroRecordReaderBase.java,3,169,9,4
lang/java/idl/src/main/java/org/apache/avro/idl/IdlFile.java,3,152,16,12
lang/java/mapred/src/main/java/org/apache/avro/mapred/SequenceFileReader.java,3,189,17,9
lang/java/avro/src/main/java/org/apache/avro/generic/GenericRecordBuilder.java,3,249,23,12
lang/java/avro/src/main/java/org/apache/avro/specific/SpecificRecordBase.java,3,108,14,7
lang/java/mapred/src/main/java/org/apache/avro/mapreduce/AvroSequenceFileInputFormat.java,2,129,9,6
lang/java/avro/src/main/java/org/apache/avro/SchemaParser.java,2,274,18,6
lang/java/avro/src/main/java/org/apache/avro/io/BinaryEncoder.java,2,153,15,8
lang/java/mapred/src/main/java/org/apache/avro/mapred/AvroOutputFormat.java,2,155,11,11
lang/java/compiler/src/main/java/org/apache/avro/compiler/schema/CloningVisitor.java,2,156,11,26
lang/java/ipc/src/main/java/org/apache/avro/ipc/stats/StatsPlugin.java,2,168,16,22
lang/java/trevni/avro/src/main/java/org/apache/trevni/avro/mapreduce/AvroTrevniRecordWriterBase.java,2,112,5,2
lang/java/trevni/core/src/main/java/org/apache/trevni/ColumnMetaData.java,2,116,14,5
lang/java/avro/src/main/java/org/apache/avro/Conversion.java,2,157,26,33
lang/java/avro/src/main/java/org/apache/avro/file/DeflateCodec.java,1,110,13,5
lang/java/mapred/src/main/java/org/apache/avro/hadoop/io/AvroDeserializer.java,1,125,7,3
lang/java/mapred/src/main/java/org/apache/avro/mapreduce/AvroOutputFormatBase.java,1,112,8,7
lang/java/avro/src/main/java/org/apache/avro/io/DirectBinaryEncoder.java,1,123,11,5
lang/java/avro/src/main/java/org/apache/avro/io/Encoder.java,1,292,24,2
lang/java/avro/src/main/java/org/apache/avro/message/RawMessageEncoder.java,1,106,7,1
lang/java/avro/src/main/java/org/apache/avro/data/TimeConversions.java,1,280,50,2
