"Problem","Package","File","Priority","Line","Description","Rule set","Rule"
"1","org.apache.avro","/Users/lele/Desktop/ISW2_project/avro/lang/java/avro/src/main/java/org/apache/avro/Schema.java","3","18","A high number of imports (38) can indicate a high degree of coupling within an object; current threshold is 30.","Design","ExcessiveImports"
"2","org.apache.avro","/Users/lele/Desktop/ISW2_project/avro/lang/java/avro/src/main/java/org/apache/avro/Schema.java","3","18","A value of 49 may denote a high amount of coupling within the class (threshold: 20)","Design","CouplingBetweenObjects"
"3","org.apache.avro","/Users/lele/Desktop/ISW2_project/avro/lang/java/avro/src/main/java/org/apache/avro/Schema.java","3","96","Possible God Class (WMC=254, ATFD=118, TCC=0.821%)","Design","GodClass"
"4","org.apache.avro","/Users/lele/Desktop/ISW2_project/avro/lang/java/avro/src/main/java/org/apache/avro/Schema.java","3","96","The class 'Schema' has a total cyclomatic complexity of 254 (highest 26).","Design","CyclomaticComplexity"
"5","org.apache.avro","/Users/lele/Desktop/ISW2_project/avro/lang/java/avro/src/main/java/org/apache/avro/Schema.java","3","96","This class has 58 public methods and attributes; current threshold is 45.","Design","ExcessivePublicCount"
"6","org.apache.avro","/Users/lele/Desktop/ISW2_project/avro/lang/java/avro/src/main/java/org/apache/avro/Schema.java","3","96","This class has too many methods, consider refactoring it.","Design","TooManyMethods"
"7","org.apache.avro","/Users/lele/Desktop/ISW2_project/avro/lang/java/avro/src/main/java/org/apache/avro/Schema.java","3","152","The method 'create(Type)' has a cyclomatic complexity of 10.","Design","CyclomaticComplexity"
"8","org.apache.avro","/Users/lele/Desktop/ISW2_project/avro/lang/java/avro/src/main/java/org/apache/avro/Schema.java","3","176","The String literal 'doc' appears 7 times in this file; the first occurrence is on line 176","Error Prone","AvoidDuplicateLiterals"
"9","org.apache.avro","/Users/lele/Desktop/ISW2_project/avro/lang/java/avro/src/main/java/org/apache/avro/Schema.java","3","176","The String literal 'name' appears 6 times in this file; the first occurrence is on line 176","Error Prone","AvoidDuplicateLiterals"
"10","org.apache.avro","/Users/lele/Desktop/ISW2_project/avro/lang/java/avro/src/main/java/org/apache/avro/Schema.java","3","176","The String literal 'namespace' appears 4 times in this file; the first occurrence is on line 176","Error Prone","AvoidDuplicateLiterals"
"11","org.apache.avro","/Users/lele/Desktop/ISW2_project/avro/lang/java/avro/src/main/java/org/apache/avro/Schema.java","3","176","The String literal 'type' appears 11 times in this file; the first occurrence is on line 176","Error Prone","AvoidDuplicateLiterals"
"12","org.apache.avro","/Users/lele/Desktop/ISW2_project/avro/lang/java/avro/src/main/java/org/apache/avro/Schema.java","3","176","The String literal 'aliases' appears 5 times in this file; the first occurrence is on line 176","Error Prone","AvoidDuplicateLiterals"
"13","org.apache.avro","/Users/lele/Desktop/ISW2_project/avro/lang/java/avro/src/main/java/org/apache/avro/Schema.java","3","180","The String literal 'default' appears 6 times in this file; the first occurrence is on line 180","Error Prone","AvoidDuplicateLiterals"
"14","org.apache.avro","/Users/lele/Desktop/ISW2_project/avro/lang/java/avro/src/main/java/org/apache/avro/Schema.java","3","183","Field hashCode has the same name as a method","Error Prone","AvoidFieldNameMatchingMethodName"
"15","org.apache.avro","/Users/lele/Desktop/ISW2_project/avro/lang/java/avro/src/main/java/org/apache/avro/Schema.java","3","237","Rather than using a lot of String arguments, consider using a container object for those values.","Design","UseObjectForClearerAPI"
"16","org.apache.avro","/Users/lele/Desktop/ISW2_project/avro/lang/java/avro/src/main/java/org/apache/avro/Schema.java","3","277","The String literal 'Not a record: ' appears 6 times in this file; the first occurrence is on line 277","Error Prone","AvoidDuplicateLiterals"
"17","org.apache.avro","/Users/lele/Desktop/ISW2_project/avro/lang/java/avro/src/main/java/org/apache/avro/Schema.java","3","305","The String literal 'Not an enum: ' appears 4 times in this file; the first occurrence is on line 305","Error Prone","AvoidDuplicateLiterals"
"18","org.apache.avro","/Users/lele/Desktop/ISW2_project/avro/lang/java/avro/src/main/java/org/apache/avro/Schema.java","3","341","The String literal 'Not a named type: ' appears 4 times in this file; the first occurrence is on line 341","Error Prone","AvoidDuplicateLiterals"
"19","org.apache.avro","/Users/lele/Desktop/ISW2_project/avro/lang/java/avro/src/main/java/org/apache/avro/Schema.java","3","483","Use opposite operator instead of the logic complement operator.","Design","LogicInversion"
"20","org.apache.avro","/Users/lele/Desktop/ISW2_project/avro/lang/java/avro/src/main/java/org/apache/avro/Schema.java","3","514","Enums should be compared using ==","Best Practices","EnumComparison"
"21","org.apache.avro","/Users/lele/Desktop/ISW2_project/avro/lang/java/avro/src/main/java/org/apache/avro/Schema.java","3","527","This class has too many methods, consider refactoring it.","Design","TooManyMethods"
"22","org.apache.avro","/Users/lele/Desktop/ISW2_project/avro/lang/java/avro/src/main/java/org/apache/avro/Schema.java","3","566","Field name has the same name as a method","Error Prone","AvoidFieldNameMatchingMethodName"
"23","org.apache.avro","/Users/lele/Desktop/ISW2_project/avro/lang/java/avro/src/main/java/org/apache/avro/Schema.java","3","568","Field schema has the same name as a method","Error Prone","AvoidFieldNameMatchingMethodName"
"24","org.apache.avro","/Users/lele/Desktop/ISW2_project/avro/lang/java/avro/src/main/java/org/apache/avro/Schema.java","3","569","Field doc has the same name as a method","Error Prone","AvoidFieldNameMatchingMethodName"
"25","org.apache.avro","/Users/lele/Desktop/ISW2_project/avro/lang/java/avro/src/main/java/org/apache/avro/Schema.java","3","570","Field defaultValue has the same name as a method","Error Prone","AvoidFieldNameMatchingMethodName"
"26","org.apache.avro","/Users/lele/Desktop/ISW2_project/avro/lang/java/avro/src/main/java/org/apache/avro/Schema.java","3","571","Field order has the same name as a method","Error Prone","AvoidFieldNameMatchingMethodName"
"27","org.apache.avro","/Users/lele/Desktop/ISW2_project/avro/lang/java/avro/src/main/java/org/apache/avro/Schema.java","3","572","Field aliases has the same name as a method","Error Prone","AvoidFieldNameMatchingMethodName"
"28","org.apache.avro","/Users/lele/Desktop/ISW2_project/avro/lang/java/avro/src/main/java/org/apache/avro/Schema.java","3","715","Access to field `type` on foreign value `schema` (degree 1)","Design","LawOfDemeter"
"29","org.apache.avro","/Users/lele/Desktop/ISW2_project/avro/lang/java/avro/src/main/java/org/apache/avro/Schema.java","3","720","It is somewhat confusing to have a field name matching the declaring class name","Error Prone","AvoidFieldNameMatchingTypeName"
"30","org.apache.avro","/Users/lele/Desktop/ISW2_project/avro/lang/java/avro/src/main/java/org/apache/avro/Schema.java","3","724","Public member 'Name' declared in a non-public type","Design","PublicMemberInNonPublicType"
"31","org.apache.avro","/Users/lele/Desktop/ISW2_project/avro/lang/java/avro/src/main/java/org/apache/avro/Schema.java","3","726","Avoid assignments in operands","Error Prone","AssignmentInOperand"
"32","org.apache.avro","/Users/lele/Desktop/ISW2_project/avro/lang/java/avro/src/main/java/org/apache/avro/Schema.java","3","726","Avoid assignments in operands","Error Prone","AssignmentInOperand"
"33","org.apache.avro","/Users/lele/Desktop/ISW2_project/avro/lang/java/avro/src/main/java/org/apache/avro/Schema.java","2","733","Avoid reassigning parameters such as 'space'","Best Practices","AvoidReassigningParameters"
"34","org.apache.avro","/Users/lele/Desktop/ISW2_project/avro/lang/java/avro/src/main/java/org/apache/avro/Schema.java","3","736","Avoid using literals such as '' in if statements","Error Prone","AvoidLiteralsInIfCondition"
"35","org.apache.avro","/Users/lele/Desktop/ISW2_project/avro/lang/java/avro/src/main/java/org/apache/avro/Schema.java","3","737","Assigning an Object to null is a code smell.  Consider refactoring.","Error Prone","NullAssignment"
"36","org.apache.avro","/Users/lele/Desktop/ISW2_project/avro/lang/java/avro/src/main/java/org/apache/avro/Schema.java","3","762","Public member 'writeName' declared in a non-public type","Design","PublicMemberInNonPublicType"
"37","org.apache.avro","/Users/lele/Desktop/ISW2_project/avro/lang/java/avro/src/main/java/org/apache/avro/Schema.java","3","773","Public member 'getQualified' declared in a non-public type","Design","PublicMemberInNonPublicType"
"38","org.apache.avro","/Users/lele/Desktop/ISW2_project/avro/lang/java/avro/src/main/java/org/apache/avro/Schema.java","3","802","Classes implementing Serializable should set a serialVersionUID","Error Prone","MissingSerialVersionUID"
"39","org.apache.avro","/Users/lele/Desktop/ISW2_project/avro/lang/java/avro/src/main/java/org/apache/avro/Schema.java","3","803","The field 'name' of serializable class 'org.apache.avro.Schema$NamedSchema' is of non-serializable type 'org.apache.avro.Schema$Name'.","Error Prone","NonSerializableClass"
"40","org.apache.avro","/Users/lele/Desktop/ISW2_project/avro/lang/java/avro/src/main/java/org/apache/avro/Schema.java","3","807","Public member 'NamedSchema' declared in a non-public type","Design","PublicMemberInNonPublicType"
"41","org.apache.avro","/Users/lele/Desktop/ISW2_project/avro/lang/java/avro/src/main/java/org/apache/avro/Schema.java","2","846","Avoid reassigning parameters such as 'space'","Best Practices","AvoidReassigningParameters"
"42","org.apache.avro","/Users/lele/Desktop/ISW2_project/avro/lang/java/avro/src/main/java/org/apache/avro/Schema.java","3","862","Public member 'writeNameRef' declared in a non-public type","Design","PublicMemberInNonPublicType"
"43","org.apache.avro","/Users/lele/Desktop/ISW2_project/avro/lang/java/avro/src/main/java/org/apache/avro/Schema.java","3","864","This if statement could be combined with its parent","Design","CollapsibleIfStatements"
"44","org.apache.avro","/Users/lele/Desktop/ISW2_project/avro/lang/java/avro/src/main/java/org/apache/avro/Schema.java","3","872","Public member 'writeName' declared in a non-public type","Design","PublicMemberInNonPublicType"
"45","org.apache.avro","/Users/lele/Desktop/ISW2_project/avro/lang/java/avro/src/main/java/org/apache/avro/Schema.java","3","876","Public member 'equalNames' declared in a non-public type","Design","PublicMemberInNonPublicType"
"46","org.apache.avro","/Users/lele/Desktop/ISW2_project/avro/lang/java/avro/src/main/java/org/apache/avro/Schema.java","3","885","Public member 'aliasesToJson' declared in a non-public type","Design","PublicMemberInNonPublicType"
"47","org.apache.avro","/Users/lele/Desktop/ISW2_project/avro/lang/java/avro/src/main/java/org/apache/avro/Schema.java","3","910","The method 'equals(Object)' is missing an @Override annotation.","Best Practices","MissingOverride"
"48","org.apache.avro","/Users/lele/Desktop/ISW2_project/avro/lang/java/avro/src/main/java/org/apache/avro/Schema.java","3","925","Classes implementing Serializable should set a serialVersionUID","Error Prone","MissingSerialVersionUID"
"49","org.apache.avro","/Users/lele/Desktop/ISW2_project/avro/lang/java/avro/src/main/java/org/apache/avro/Schema.java","3","928","Field isError has the same name as a method","Error Prone","AvoidFieldNameMatchingMethodName"
"50","org.apache.avro","/Users/lele/Desktop/ISW2_project/avro/lang/java/avro/src/main/java/org/apache/avro/Schema.java","3","930","Public member 'RecordSchema' declared in a non-public type","Design","PublicMemberInNonPublicType"
"51","org.apache.avro","/Users/lele/Desktop/ISW2_project/avro/lang/java/avro/src/main/java/org/apache/avro/Schema.java","3","935","Public member 'RecordSchema' declared in a non-public type","Design","PublicMemberInNonPublicType"
"52","org.apache.avro","/Users/lele/Desktop/ISW2_project/avro/lang/java/avro/src/main/java/org/apache/avro/Schema.java","1","938","Overridable method called during object construction: RecordSchema.setFields(List<Field>) ","Error Prone","ConstructorCallsOverridableMethod"
"53","org.apache.avro","/Users/lele/Desktop/ISW2_project/avro/lang/java/avro/src/main/java/org/apache/avro/Schema.java","3","972","Avoid using implementation types like 'LockableArrayList'; use the interface instead","Best Practices","LooseCoupling"
"54","org.apache.avro","/Users/lele/Desktop/ISW2_project/avro/lang/java/avro/src/main/java/org/apache/avro/Schema.java","3","977","Avoid assignment to i in operand","Error Prone","AssignmentInOperand"
"55","org.apache.avro","/Users/lele/Desktop/ISW2_project/avro/lang/java/avro/src/main/java/org/apache/avro/Schema.java","3","990","Ensure you override both equals() and hashCode()","Error Prone","OverrideBothEqualsAndHashcode"
"56","org.apache.avro","/Users/lele/Desktop/ISW2_project/avro/lang/java/avro/src/main/java/org/apache/avro/Schema.java","3","1070","Access to field `aliases` on foreign value `f` (degree 1)","Design","LawOfDemeter"
"57","org.apache.avro","/Users/lele/Desktop/ISW2_project/avro/lang/java/avro/src/main/java/org/apache/avro/Schema.java","3","1073","Access to field `aliases` on foreign value `f` (degree 1)","Design","LawOfDemeter"
"58","org.apache.avro","/Users/lele/Desktop/ISW2_project/avro/lang/java/avro/src/main/java/org/apache/avro/Schema.java","3","1084","Classes implementing Serializable should set a serialVersionUID","Error Prone","MissingSerialVersionUID"
"59","org.apache.avro","/Users/lele/Desktop/ISW2_project/avro/lang/java/avro/src/main/java/org/apache/avro/Schema.java","3","1089","Public member 'EnumSchema' declared in a non-public type","Design","PublicMemberInNonPublicType"
"60","org.apache.avro","/Users/lele/Desktop/ISW2_project/avro/lang/java/avro/src/main/java/org/apache/avro/Schema.java","3","1089","Avoid using implementation types like 'LockableArrayList'; use the interface instead","Best Practices","LooseCoupling"
"61","org.apache.avro","/Users/lele/Desktop/ISW2_project/avro/lang/java/avro/src/main/java/org/apache/avro/Schema.java","3","1096","Avoid assignment to i in operand","Error Prone","AssignmentInOperand"
"62","org.apache.avro","/Users/lele/Desktop/ISW2_project/avro/lang/java/avro/src/main/java/org/apache/avro/Schema.java","3","1127","Ensure you override both equals() and hashCode()","Error Prone","OverrideBothEqualsAndHashcode"
"63","org.apache.avro","/Users/lele/Desktop/ISW2_project/avro/lang/java/avro/src/main/java/org/apache/avro/Schema.java","3","1168","Classes implementing Serializable should set a serialVersionUID","Error Prone","MissingSerialVersionUID"
"64","org.apache.avro","/Users/lele/Desktop/ISW2_project/avro/lang/java/avro/src/main/java/org/apache/avro/Schema.java","3","1171","Public member 'ArraySchema' declared in a non-public type","Design","PublicMemberInNonPublicType"
"65","org.apache.avro","/Users/lele/Desktop/ISW2_project/avro/lang/java/avro/src/main/java/org/apache/avro/Schema.java","3","1182","Ensure you override both equals() and hashCode()","Error Prone","OverrideBothEqualsAndHashcode"
"66","org.apache.avro","/Users/lele/Desktop/ISW2_project/avro/lang/java/avro/src/main/java/org/apache/avro/Schema.java","3","1208","Classes implementing Serializable should set a serialVersionUID","Error Prone","MissingSerialVersionUID"
"67","org.apache.avro","/Users/lele/Desktop/ISW2_project/avro/lang/java/avro/src/main/java/org/apache/avro/Schema.java","3","1211","Public member 'MapSchema' declared in a non-public type","Design","PublicMemberInNonPublicType"
"68","org.apache.avro","/Users/lele/Desktop/ISW2_project/avro/lang/java/avro/src/main/java/org/apache/avro/Schema.java","3","1222","Ensure you override both equals() and hashCode()","Error Prone","OverrideBothEqualsAndHashcode"
"69","org.apache.avro","/Users/lele/Desktop/ISW2_project/avro/lang/java/avro/src/main/java/org/apache/avro/Schema.java","3","1248","Classes implementing Serializable should set a serialVersionUID","Error Prone","MissingSerialVersionUID"
"70","org.apache.avro","/Users/lele/Desktop/ISW2_project/avro/lang/java/avro/src/main/java/org/apache/avro/Schema.java","3","1252","Public member 'UnionSchema' declared in a non-public type","Design","PublicMemberInNonPublicType"
"71","org.apache.avro","/Users/lele/Desktop/ISW2_project/avro/lang/java/avro/src/main/java/org/apache/avro/Schema.java","3","1252","Avoid using implementation types like 'LockableArrayList'; use the interface instead","Best Practices","LooseCoupling"
"72","org.apache.avro","/Users/lele/Desktop/ISW2_project/avro/lang/java/avro/src/main/java/org/apache/avro/Schema.java","3","1265","Avoid assignment to index in operand","Error Prone","AssignmentInOperand"
"73","org.apache.avro","/Users/lele/Desktop/ISW2_project/avro/lang/java/avro/src/main/java/org/apache/avro/Schema.java","3","1277","The method 'isValidDefault(JsonNode)' is missing an @Override annotation.","Best Practices","MissingOverride"
"74","org.apache.avro","/Users/lele/Desktop/ISW2_project/avro/lang/java/avro/src/main/java/org/apache/avro/Schema.java","3","1292","Ensure you override both equals() and hashCode()","Error Prone","OverrideBothEqualsAndHashcode"
"75","org.apache.avro","/Users/lele/Desktop/ISW2_project/avro/lang/java/avro/src/main/java/org/apache/avro/Schema.java","3","1330","Classes implementing Serializable should set a serialVersionUID","Error Prone","MissingSerialVersionUID"
"76","org.apache.avro","/Users/lele/Desktop/ISW2_project/avro/lang/java/avro/src/main/java/org/apache/avro/Schema.java","3","1333","Public member 'FixedSchema' declared in a non-public type","Design","PublicMemberInNonPublicType"
"77","org.apache.avro","/Users/lele/Desktop/ISW2_project/avro/lang/java/avro/src/main/java/org/apache/avro/Schema.java","3","1345","Ensure you override both equals() and hashCode()","Error Prone","OverrideBothEqualsAndHashcode"
"78","org.apache.avro","/Users/lele/Desktop/ISW2_project/avro/lang/java/avro/src/main/java/org/apache/avro/Schema.java","3","1376","Classes implementing Serializable should set a serialVersionUID","Error Prone","MissingSerialVersionUID"
"79","org.apache.avro","/Users/lele/Desktop/ISW2_project/avro/lang/java/avro/src/main/java/org/apache/avro/Schema.java","3","1377","Public member 'StringSchema' declared in a non-public type","Design","PublicMemberInNonPublicType"
"80","org.apache.avro","/Users/lele/Desktop/ISW2_project/avro/lang/java/avro/src/main/java/org/apache/avro/Schema.java","3","1382","Classes implementing Serializable should set a serialVersionUID","Error Prone","MissingSerialVersionUID"
"81","org.apache.avro","/Users/lele/Desktop/ISW2_project/avro/lang/java/avro/src/main/java/org/apache/avro/Schema.java","3","1383","Public member 'BytesSchema' declared in a non-public type","Design","PublicMemberInNonPublicType"
"82","org.apache.avro","/Users/lele/Desktop/ISW2_project/avro/lang/java/avro/src/main/java/org/apache/avro/Schema.java","3","1388","Classes implementing Serializable should set a serialVersionUID","Error Prone","MissingSerialVersionUID"
"83","org.apache.avro","/Users/lele/Desktop/ISW2_project/avro/lang/java/avro/src/main/java/org/apache/avro/Schema.java","3","1389","Public member 'IntSchema' declared in a non-public type","Design","PublicMemberInNonPublicType"
"84","org.apache.avro","/Users/lele/Desktop/ISW2_project/avro/lang/java/avro/src/main/java/org/apache/avro/Schema.java","3","1394","Classes implementing Serializable should set a serialVersionUID","Error Prone","MissingSerialVersionUID"
"85","org.apache.avro","/Users/lele/Desktop/ISW2_project/avro/lang/java/avro/src/main/java/org/apache/avro/Schema.java","3","1395","Public member 'LongSchema' declared in a non-public type","Design","PublicMemberInNonPublicType"
"86","org.apache.avro","/Users/lele/Desktop/ISW2_project/avro/lang/java/avro/src/main/java/org/apache/avro/Schema.java","3","1400","Classes implementing Serializable should set a serialVersionUID","Error Prone","MissingSerialVersionUID"
"87","org.apache.avro","/Users/lele/Desktop/ISW2_project/avro/lang/java/avro/src/main/java/org/apache/avro/Schema.java","3","1401","Public member 'FloatSchema' declared in a non-public type","Design","PublicMemberInNonPublicType"
"88","org.apache.avro","/Users/lele/Desktop/ISW2_project/avro/lang/java/avro/src/main/java/org/apache/avro/Schema.java","3","1406","Classes implementing Serializable should set a serialVersionUID","Error Prone","MissingSerialVersionUID"
"89","org.apache.avro","/Users/lele/Desktop/ISW2_project/avro/lang/java/avro/src/main/java/org/apache/avro/Schema.java","3","1407","Public member 'DoubleSchema' declared in a non-public type","Design","PublicMemberInNonPublicType"
"90","org.apache.avro","/Users/lele/Desktop/ISW2_project/avro/lang/java/avro/src/main/java/org/apache/avro/Schema.java","3","1412","Classes implementing Serializable should set a serialVersionUID","Error Prone","MissingSerialVersionUID"
"91","org.apache.avro","/Users/lele/Desktop/ISW2_project/avro/lang/java/avro/src/main/java/org/apache/avro/Schema.java","3","1413","Public member 'BooleanSchema' declared in a non-public type","Design","PublicMemberInNonPublicType"
"92","org.apache.avro","/Users/lele/Desktop/ISW2_project/avro/lang/java/avro/src/main/java/org/apache/avro/Schema.java","3","1418","Classes implementing Serializable should set a serialVersionUID","Error Prone","MissingSerialVersionUID"
"93","org.apache.avro","/Users/lele/Desktop/ISW2_project/avro/lang/java/avro/src/main/java/org/apache/avro/Schema.java","3","1419","Public member 'NullSchema' declared in a non-public type","Design","PublicMemberInNonPublicType"
"94","org.apache.avro","/Users/lele/Desktop/ISW2_project/avro/lang/java/avro/src/main/java/org/apache/avro/Schema.java","3","1439","Access to field `NO_VALIDATION` on foreign value `NameValidator` (degree 1)","Design","LawOfDemeter"
"95","org.apache.avro","/Users/lele/Desktop/ISW2_project/avro/lang/java/avro/src/main/java/org/apache/avro/Schema.java","3","1444","Access to field `nameValidator` on foreign value `context` (degree 1)","Design","LawOfDemeter"
"96","org.apache.avro","/Users/lele/Desktop/ISW2_project/avro/lang/java/avro/src/main/java/org/apache/avro/Schema.java","3","1560","Exception thrown at line 1,556 is caught in this block.","Design","ExceptionAsFlowControl"
"97","org.apache.avro","/Users/lele/Desktop/ISW2_project/avro/lang/java/avro/src/main/java/org/apache/avro/Schema.java","3","1618","Access to field `UTF_VALIDATOR` on foreign value `NameValidator` (degree 1)","Design","LawOfDemeter"
"98","org.apache.avro","/Users/lele/Desktop/ISW2_project/avro/lang/java/avro/src/main/java/org/apache/avro/Schema.java","3","1618","Access to field `NO_VALIDATION` on foreign value `NameValidator` (degree 1)","Design","LawOfDemeter"
"99","org.apache.avro","/Users/lele/Desktop/ISW2_project/avro/lang/java/avro/src/main/java/org/apache/avro/Schema.java","3","1636","Field space has the same name as a method","Error Prone","AvoidFieldNameMatchingMethodName"
"100","org.apache.avro","/Users/lele/Desktop/ISW2_project/avro/lang/java/avro/src/main/java/org/apache/avro/Schema.java","3","1638","Public member 'Names' declared in a non-public type","Design","PublicMemberInNonPublicType"
"101","org.apache.avro","/Users/lele/Desktop/ISW2_project/avro/lang/java/avro/src/main/java/org/apache/avro/Schema.java","3","1641","Public member 'Names' declared in a non-public type","Design","PublicMemberInNonPublicType"
"102","org.apache.avro","/Users/lele/Desktop/ISW2_project/avro/lang/java/avro/src/main/java/org/apache/avro/Schema.java","3","1645","Public member 'space' declared in a non-public type","Design","PublicMemberInNonPublicType"
"103","org.apache.avro","/Users/lele/Desktop/ISW2_project/avro/lang/java/avro/src/main/java/org/apache/avro/Schema.java","3","1649","Public member 'space' declared in a non-public type","Design","PublicMemberInNonPublicType"
"104","org.apache.avro","/Users/lele/Desktop/ISW2_project/avro/lang/java/avro/src/main/java/org/apache/avro/Schema.java","3","1653","Public member 'get' declared in a non-public type","Design","PublicMemberInNonPublicType"
"105","org.apache.avro","/Users/lele/Desktop/ISW2_project/avro/lang/java/avro/src/main/java/org/apache/avro/Schema.java","3","1666","Public member 'contains' declared in a non-public type","Design","PublicMemberInNonPublicType"
"106","org.apache.avro","/Users/lele/Desktop/ISW2_project/avro/lang/java/avro/src/main/java/org/apache/avro/Schema.java","3","1670","Public member 'add' declared in a non-public type","Design","PublicMemberInNonPublicType"
"107","org.apache.avro","/Users/lele/Desktop/ISW2_project/avro/lang/java/avro/src/main/java/org/apache/avro/Schema.java","3","1689","Access to field `UTF_VALIDATOR` on foreign value `NameValidator` (degree 1)","Design","LawOfDemeter"
"108","org.apache.avro","/Users/lele/Desktop/ISW2_project/avro/lang/java/avro/src/main/java/org/apache/avro/Schema.java","3","1751","The method 'isValidDefault(Schema, JsonNode)' has a cognitive complexity of 29, current threshold is 15","Design","CognitiveComplexity"
"109","org.apache.avro","/Users/lele/Desktop/ISW2_project/avro/lang/java/avro/src/main/java/org/apache/avro/Schema.java","3","1751","The method 'isValidDefault(Schema, JsonNode)' has a cyclomatic complexity of 26.","Design","CyclomaticComplexity"
"110","org.apache.avro","/Users/lele/Desktop/ISW2_project/avro/lang/java/avro/src/main/java/org/apache/avro/Schema.java","3","1754","The switch block is exhaustive even without the default case","Best Practices","ExhaustiveSwitchHasDefault"
"111","org.apache.avro","/Users/lele/Desktop/ISW2_project/avro/lang/java/avro/src/main/java/org/apache/avro/Schema.java","3","1825","The method 'parse(JsonNode, ParseContext, String)' has a cognitive complexity of 15, current threshold is 15","Design","CognitiveComplexity"
"112","org.apache.avro","/Users/lele/Desktop/ISW2_project/avro/lang/java/avro/src/main/java/org/apache/avro/Schema.java","3","1825","The method 'parse(JsonNode, ParseContext, String)' has a cyclomatic complexity of 14.","Design","CyclomaticComplexity"
"113","org.apache.avro","/Users/lele/Desktop/ISW2_project/avro/lang/java/avro/src/main/java/org/apache/avro/Schema.java","3","1837","Avoid using literals such as 'enum' in if statements","Error Prone","AvoidLiteralsInIfCondition"
"114","org.apache.avro","/Users/lele/Desktop/ISW2_project/avro/lang/java/avro/src/main/java/org/apache/avro/Schema.java","3","1839","Position literals first in String comparisons","Best Practices","LiteralsFirstInComparisons"
"115","org.apache.avro","/Users/lele/Desktop/ISW2_project/avro/lang/java/avro/src/main/java/org/apache/avro/Schema.java","3","1841","Position literals first in String comparisons","Best Practices","LiteralsFirstInComparisons"
"116","org.apache.avro","/Users/lele/Desktop/ISW2_project/avro/lang/java/avro/src/main/java/org/apache/avro/Schema.java","3","1843","Avoid using literals such as 'fixed' in if statements","Error Prone","AvoidLiteralsInIfCondition"
"117","org.apache.avro","/Users/lele/Desktop/ISW2_project/avro/lang/java/avro/src/main/java/org/apache/avro/Schema.java","2","1875","Logger calls should be surrounded by log level guards.","Best Practices","GuardLogStatement"
"118","org.apache.avro","/Users/lele/Desktop/ISW2_project/avro/lang/java/avro/src/main/java/org/apache/avro/Schema.java","3","1900","Enums should be compared using ==","Best Practices","EnumComparison"
"119","org.apache.avro","/Users/lele/Desktop/ISW2_project/avro/lang/java/avro/src/main/java/org/apache/avro/Schema.java","3","1900","Enums should be compared using ==","Best Practices","EnumComparison"
"120","org.apache.avro","/Users/lele/Desktop/ISW2_project/avro/lang/java/avro/src/main/java/org/apache/avro/Schema.java","3","1906","Access to field `aliases` on foreign value `f` (degree 1)","Design","LawOfDemeter"
"121","org.apache.avro","/Users/lele/Desktop/ISW2_project/avro/lang/java/avro/src/main/java/org/apache/avro/Schema.java","3","1918","Avoid using implementation types like 'LockableArrayList'; use the interface instead","Best Practices","LooseCoupling"
"122","org.apache.avro","/Users/lele/Desktop/ISW2_project/avro/lang/java/avro/src/main/java/org/apache/avro/Schema.java","3","1970","Avoid using implementation types like 'LockableArrayList'; use the interface instead","Best Practices","LooseCoupling"
"123","org.apache.avro","/Users/lele/Desktop/ISW2_project/avro/lang/java/avro/src/main/java/org/apache/avro/Schema.java","1","2010","Return an empty collection rather than null.","Error Prone","ReturnEmptyCollectionRatherThanNull"
"124","org.apache.avro","/Users/lele/Desktop/ISW2_project/avro/lang/java/avro/src/main/java/org/apache/avro/Schema.java","1","2048","Avoid throwing raw exception type RuntimeException.","Design","AvoidThrowingRawExceptionTypes"
"125","org.apache.avro","/Users/lele/Desktop/ISW2_project/avro/lang/java/avro/src/main/java/org/apache/avro/Schema.java","3","2084","The method 'applyAliases(Schema, Map<Schema, Schema>, Map<Name, Name>, Map<Name, Map<String, String>>)' has a cognitive complexity of 23, current threshold is 15","Design","CognitiveComplexity"
"126","org.apache.avro","/Users/lele/Desktop/ISW2_project/avro/lang/java/avro/src/main/java/org/apache/avro/Schema.java","3","2084","The method 'applyAliases(Schema, Map<Schema, Schema>, Map<Name, Name>, Map<Name, Map<String, String>>)' has a cyclomatic complexity of 17.","Design","CyclomaticComplexity"
"127","org.apache.avro","/Users/lele/Desktop/ISW2_project/avro/lang/java/avro/src/main/java/org/apache/avro/Schema.java","3","2087","Access to field `name` on foreign value `(NamedSchema) s` (degree 1)","Design","LawOfDemeter"
"128","org.apache.avro","/Users/lele/Desktop/ISW2_project/avro/lang/java/avro/src/main/java/org/apache/avro/Schema.java","3","2140","The method 'getAliases(Schema, Map<Schema, Schema>, Map<Name, Name>, Map<Name, Map<String, String>>)' has a cognitive complexity of 30, current threshold is 15","Design","CognitiveComplexity"
"129","org.apache.avro","/Users/lele/Desktop/ISW2_project/avro/lang/java/avro/src/main/java/org/apache/avro/Schema.java","3","2140","The method 'getAliases(Schema, Map<Schema, Schema>, Map<Name, Name>, Map<Name, Map<String, String>>)' has a cyclomatic complexity of 16.","Design","CyclomaticComplexity"
"130","org.apache.avro","/Users/lele/Desktop/ISW2_project/avro/lang/java/avro/src/main/java/org/apache/avro/Schema.java","3","2145","Access to field `aliases` on foreign value `namedSchema` (degree 1)","Design","LawOfDemeter"
"131","org.apache.avro","/Users/lele/Desktop/ISW2_project/avro/lang/java/avro/src/main/java/org/apache/avro/Schema.java","3","2148","Switch statements or expressions should be exhaustive, add a default case (or missing enum branches)","Best Practices","NonExhaustiveSwitch"
"132","org.apache.avro","/Users/lele/Desktop/ISW2_project/avro/lang/java/avro/src/main/java/org/apache/avro/Schema.java","3","2156","Access to field `aliases` on foreign value `field` (degree 1)","Design","LawOfDemeter"
"133","org.apache.avro","/Users/lele/Desktop/ISW2_project/avro/lang/java/avro/src/main/java/org/apache/avro/Schema.java","3","2163","Access to field `aliases` on foreign value `record` (degree 1)","Design","LawOfDemeter"
"134","org.apache.avro","/Users/lele/Desktop/ISW2_project/avro/lang/java/avro/src/main/java/org/apache/avro/Schema.java","3","2210","Public member 'LockableArrayList' declared in a non-public type","Design","PublicMemberInNonPublicType"
"135","org.apache.avro","/Users/lele/Desktop/ISW2_project/avro/lang/java/avro/src/main/java/org/apache/avro/Schema.java","3","2213","Public member 'LockableArrayList' declared in a non-public type","Design","PublicMemberInNonPublicType"
"136","org.apache.avro","/Users/lele/Desktop/ISW2_project/avro/lang/java/avro/src/main/java/org/apache/avro/Schema.java","3","2217","Public member 'LockableArrayList' declared in a non-public type","Design","PublicMemberInNonPublicType"
"137","org.apache.avro","/Users/lele/Desktop/ISW2_project/avro/lang/java/avro/src/main/java/org/apache/avro/Schema.java","3","2222","Public member 'LockableArrayList' declared in a non-public type","Design","PublicMemberInNonPublicType"
"138","org.apache.avro","/Users/lele/Desktop/ISW2_project/avro/lang/java/avro/src/main/java/org/apache/avro/Schema.java","3","2227","Public member 'lock' declared in a non-public type","Design","PublicMemberInNonPublicType"
